{
    "tables": {
        "fact": {
            "name": "customer",
            "fields": [
                {
                    "field": "C_CUSTKEY",
                    "type": "categorical",
                    "cast": "int"
                },
                {
                    "field": "C_NAME",
                    "type": "categorical"
                },
                {
                    "field": "C_ADDRESS",
                    "type": "categorical"
                },
                {
                    "field": "C_NATIONKEY",
                    "type": "categorical",
                    "cast": "int"
                },
                {
                    "field": "C_PHONE",
                    "type": "categorical"
                },
                {
                    "field": "C_ACCTBAL",
                    "type": "quantitative",
                    "cast": "decimal"
                },
                {
                    "field": "C_MKTSEGMENT",
                    "type": "categorical"
                },
                {
                    "field": "C_COMMENT",
                    "type": "categorical"
                }
            ]
        }
    }
}