{
    "tables": {
        "fact": {
            "name": "nation",
            "fields": [
                {
                    "field": "N_NATIONKEY",
                    "type": "categorical",
                    "cast": "int"
                },
                {
                    "field": "N_NAME",
                    "type": "categorical"
                },
                {
                    "field": "N_REGIONKEY",
                    "type": "categorical",
                    "cast": "int"
                },
                {
                    "field": "N_COMMENT",
                    "type": "categorical"
                }
            ]
        }
    }
}