{
    "tables": {
        "fact": {
            "name": "tpch_orders",
            "fields": [
                {
                    "field": "O_ORDERKEY",
                    "type": "categorical",
                    "cast": "int"
                },
                {
                    "field": "O_CUSTKEY",
                    "type": "categorical",
                    "cast": "int"
                },
                {
                    "field": "O_ORDERSTATUS",
                    "type": "categorical"
                },
                {
                    "field": "O_TOTALPRICE",
                    "type": "quantitative",
                    "cast": "decimal"
                },
                {
                    "field": "O_ORDERDATE",
                    "type": "categorical",
                    "cast": "date"
                },
                {
                    "field": "O_ORDERPRIORITY",
                    "type": "categorical"
                },
                {
                    "field": "O_CLERK",
                    "type": "categorical"
                },
                {
                    "field": "O_SHIPPRIORITY",
                    "type": "categorical",
                    "cast": "int"
                },
                {
                    "field": "O_COMMENT",
                    "type": "categorical"
                }
            ]
        }
    }
}