{
    "nextAction": {
        "values":[
            "workflowgen.selectionaction.SelectionAction",
            "workflowgen.filteraction.FilterAction",
            "workflowgen.linkaction.LinkAction",
            "workflowgen.vizaction.VizAction"
        ]
        ,
        "pd": [
            0.0,
            0.7,
            0.0,
            0.3
        ]
    },
    "numBinDimensionsPerViz": {
        "values": [
            1,
            2
        ],
        "pd": [
            0.65,
            0.35
        ]
    },
    "numFiltersPerViz": {
        "values": [
            1,
            2,
            3
        ],
        "pd": [
            0.5,
            0.25,
            0.25
        ]
    },
    "perBinAggregates":{
        "values":[
            "count",
            "avg"
        ],
        "pd": [
            0.8,
            0.2
        ]
    },
    "dimensions": [
        {
            "name": "L_ORDERKEY",
            "p": 1
        },
        {
            "name": "L_PARTKEY",
            "p": 1
        },
        {
            "name": "L_SUPPKEY",
            "p": 1
        },
        {
            "name": "L_LINENUMBER",
            "p": 1
        },
        {
            "name": "L_QUANTITY",
            "p": 1
        },
        {
            "name": "L_EXTENDEDPRICE",
            "p": 1
        },
        {
            "name": "L_DISCOUNT",
            "p": 1
        },
        {
            "name": "L_TAX",
            "p": 1
        },
        {
            "name": "L_RETURNFLAG",
            "p": 1
        },
        {
            "name": "L_LINESTATUS",
            "p": 1
        },
        {
            "name": "L_SHIPDATE",
            "p": 1
        },
        {
            "name": "L_COMMITDATE",
            "p": 1
        },
        {
            "name": "L_RECEIPTDATE",
            "p": 1
        },
        {
            "name": "L_SHIPINSTRUCT",
            "p": 1
        },
        {
            "name": "L_SHIPMODE",
            "p": 1
        },
        {
            "name": "L_COMMENT",
            "p": 1
        }
    ]
}