{
    "tables": {
        "fact": {
            "name": "lineitem",
            "fields": [
                {
                    "field": "L_ORDERKEY",
                    "type": "categorical",
                    "cast": "int"
                },
                {
                    "field": "L_PARTKEY",
                    "type": "categorical",
                    "cast": "int"
                },
                {
                    "field": "L_SUPPKEY",
                    "type": "categorical",
                    "cast": "int"
                },
                {
                    "field": "L_LINENUMBER",
                    "type": "categorical",
                    "cast": "int"
                },
                {
                    "field": "L_QUANTITY",
                    "type": "quantitative",
                    "cast": "decimal"
                },
                {
                    "field": "L_EXTENDEDPRICE",
                    "type": "quantitative",
                    "cast": "decimal"
                },
                {
                    "field": "L_DISCOUNT",
                    "type": "quantitative",
                    "cast": "decimal"
                },
                {
                    "field": "L_TAX",
                    "type": "quantitative",
                    "cast": "decimal"
                },
                {
                    "field": "L_RETURNFLAG",
                    "type": "categorical"
                },
                {
                    "field": "L_LINESTATUS",
                    "type": "categorical"
                },
                {
                    "field": "L_SHIPDATE",
                    "type": "categorical",
                    "cast": "date"
                },
                {
                    "field": "L_COMMITDATE",
                    "type": "categorical",
                    "cast": "date"
                },
                {
                    "field": "L_RECEIPTDATE",
                    "type": "categorical",
                    "cast": "date"
                },
                {
                    "field": "L_SHIPINSTRUCT",
                    "type": "categorical"
                },
                {
                    "field": "L_SHIPMODE",
                    "type": "categorical"
                },
                {
                    "field": "L_COMMENT",
                    "type": "categorical"
                }
            ]
        }
    }
}