{
    "tables": {
        "fact": {
            "name": "partsupp",
            "fields": [
                {
                    "field": "PS_PARTKEY",
                    "type": "categorical",
                    "cast": "int"
                },
                {
                    "field": "PS_SUPPKEY",
                    "type": "categorical",
                    "cast": "int"
                },
                {
                    "field": "PS_AVAILQTY",
                    "type": "quantitative",
                    "cast": "int"
                },
                {
                    "field": "PS_SUPPLYCOST",
                    "type": "quantitative",
                    "cast": "int"
                },
                {
                    "field": "PS_COMMENT",
                    "type": "categorical"
                }
            ]
        }
    }
}