{
    "tables": {
        "fact": {
            "name": "part",
            "fields": [
                {
                    "field": "P_PARTKEY",
                    "type": "categorical",
                    "cast": "int"
                },
                {
                    "field": "P_NAME",
                    "type": "categorical"
                },
                {
                    "field": "P_MFGR",
                    "type": "categorical"
                },
                {
                    "field": "P_BRAND",
                    "type": "categorical"
                },
                {
                    "field": "P_TYPE",
                    "type": "categorical"
                },
                {
                    "field": "P_SIZE",
                    "type": "quantitative",
                    "cast": "int"
                },
                {
                    "field": "P_CONTAINER",
                    "type": "categorical"
                },
                {
                    "field": "P_RETAILPRICE",
                    "type": "quantitative",
                    "cast": "decimal"
                },
                {
                    "field": "P_COMMENT",
                    "type": "categorical"
                }
            ]
        }
    }
}