{
    "tables": {
        "fact": {
            "name": "supplier",
            "fields": [
                {
                    "field": "S_SUPPKEY",
                    "type": "categorical",
                    "cast": "int"
                },
                {
                    "field": "S_NAME",
                    "type": "categorical"
                },
                {
                    "field": "S_ADDRESS",
                    "type": "categorical"
                },
                {
                    "field": "S_NATIONKEY",
                    "type": "categorical",
                    "cast": "int"
                },
                {
                    "field": "S_PHONE",
                    "type": "categorical"
                },
                {
                    "field": "S_ACCTBAL",
                    "type": "quantitative",
                    "cast": "decimal"
                },
                {
                    "field": "S_COMMENT",
                    "type": "categorical"
                }
            ]
        }
    }
}