{
    "tables": {
        "fact": {
            "name": "region",
            "fields": [
                {
                    "field": "R_REGIONKEY",
                    "type": "categorical",
                    "cast": "int"
                },
                {
                    "field": "R_NAME",
                    "type": "categorical"
                },
                {
                    "field": "R_COMMENT",
                    "type": "categorical"
                }
            ]
        }
    }
}