{
    "nextAction": {
        "values":[
            "workflowgen.selectionaction.SelectionAction",
            "workflowgen.filteraction.FilterAction",
            "workflowgen.linkaction.LinkAction",
            "workflowgen.vizaction.VizAction"
        ]
        ,
        "pd": [
            0.0,
            0.7,
            0.0,
            0.3
        ]
    },
    "numBinDimensionsPerViz": {
        "values": [
            1,
            2
        ],
        "pd": [
            0.65,
            0.35
        ]
    },
    "numFiltersPerViz": {
        "values": [
            1,
            2,
            3
        ],
        "pd": [
            0.5,
            0.25,
            0.25
        ]
    },
    "perBinAggregates":{
        "values":[
            "count",
            "avg"
        ],
        "pd": [
            0.8,
            0.2
        ]
    },
    "dimensions": [
        {
            "name": "R_REGIONKEY",
            "p": 1
        },
        {
            "name": "R_NAME",
            "p": 1
        },
        {
            "name": "R_COMMENT",
            "p": 1
        }
    ]
}